/*!40101 SET @OLD_CHARACTER_SET_CLIENT=@@CHARACTER_SET_CLIENT */;
/*!40101 SET @OLD_CHARACTER_SET_RESULTS=@@CHARACTER_SET_RESULTS */;
/*!40101 SET @OLD_COLLATION_CONNECTION=@@COLLATION_CONNECTION */;
/*!40101 SET NAMES utf8mb4 */;
/*!40014 SET @OLD_UNIQUE_CHECKS=@@UNIQUE_CHECKS, UNIQUE_CHECKS=0 */;
/*!40014 SET @OLD_FOREIGN_KEY_CHECKS=@@FOREIGN_KEY_CHECKS, FOREIGN_KEY_CHECKS=0 */;
/*!40101 SET @OLD_SQL_MODE=@@SQL_MODE, SQL_MODE='NO_AUTO_VALUE_ON_ZERO' */;
/*!40111 SET @OLD_SQL_NOTES=@@SQL_NOTES, SQL_NOTES=0 */;

DROP TABLE IF EXISTS `comments`;
CREATE TABLE `comments` (
  `id` int(10) unsigned NOT NULL AUTO_INCREMENT,
  `content` text DEFAULT NULL,
  `createdAt` datetime NOT NULL,
  `updatedAt` datetime NOT NULL,
  `userId` int(10) unsigned DEFAULT NULL,
  `postId` int(10) unsigned DEFAULT NULL,
  PRIMARY KEY (`id`),
  KEY `userId` (`userId`),
  KEY `postId` (`postId`),
  CONSTRAINT `comments_ibfk_25` FOREIGN KEY (`userId`) REFERENCES `users` (`id`) ON DELETE CASCADE ON UPDATE CASCADE,
  CONSTRAINT `comments_ibfk_26` FOREIGN KEY (`postId`) REFERENCES `posts` (`id`) ON DELETE CASCADE ON UPDATE CASCADE
) ENGINE=InnoDB AUTO_INCREMENT=60 DEFAULT CHARSET=utf8mb4;

DROP TABLE IF EXISTS `posts`;
CREATE TABLE `posts` (
  `id` int(10) unsigned NOT NULL AUTO_INCREMENT,
  `content` text DEFAULT NULL,
  `imagePath` varchar(2083) DEFAULT NULL,
  `createdAt` datetime NOT NULL,
  `updatedAt` datetime NOT NULL,
  `userId` int(10) unsigned DEFAULT NULL,
  PRIMARY KEY (`id`),
  KEY `userId` (`userId`),
  CONSTRAINT `posts_ibfk_1` FOREIGN KEY (`userId`) REFERENCES `users` (`id`) ON DELETE CASCADE ON UPDATE CASCADE
) ENGINE=InnoDB AUTO_INCREMENT=65 DEFAULT CHARSET=utf8mb4;

DROP TABLE IF EXISTS `user_like_comment`;
CREATE TABLE `user_like_comment` (
  `userId` int(10) unsigned NOT NULL,
  `commentId` int(10) unsigned NOT NULL,
  `createdAt` datetime NOT NULL,
  `updatedAt` datetime NOT NULL,
  PRIMARY KEY (`userId`,`commentId`),
  UNIQUE KEY `user_like_comment_commentId_userId_unique` (`userId`,`commentId`),
  KEY `commentId` (`commentId`),
  CONSTRAINT `user_like_comment_ibfk_1` FOREIGN KEY (`userId`) REFERENCES `users` (`id`) ON DELETE CASCADE ON UPDATE CASCADE,
  CONSTRAINT `user_like_comment_ibfk_2` FOREIGN KEY (`commentId`) REFERENCES `comments` (`id`) ON DELETE CASCADE ON UPDATE CASCADE
) ENGINE=InnoDB DEFAULT CHARSET=utf8mb4;

DROP TABLE IF EXISTS `user_like_post`;
CREATE TABLE `user_like_post` (
  `userId` int(10) unsigned NOT NULL,
  `postId` int(10) unsigned NOT NULL,
  `createdAt` datetime NOT NULL,
  `updatedAt` datetime NOT NULL,
  PRIMARY KEY (`userId`,`postId`),
  UNIQUE KEY `user_like_post_postId_userId_unique` (`userId`,`postId`),
  KEY `postId` (`postId`),
  CONSTRAINT `user_like_post_ibfk_1` FOREIGN KEY (`userId`) REFERENCES `users` (`id`) ON DELETE CASCADE ON UPDATE CASCADE,
  CONSTRAINT `user_like_post_ibfk_2` FOREIGN KEY (`postId`) REFERENCES `posts` (`id`) ON DELETE CASCADE ON UPDATE CASCADE
) ENGINE=InnoDB DEFAULT CHARSET=utf8mb4;

DROP TABLE IF EXISTS `users`;
CREATE TABLE `users` (
  `id` int(10) unsigned NOT NULL AUTO_INCREMENT,
  `email` varchar(320) NOT NULL,
  `password` varchar(250) NOT NULL,
  `lastname` varchar(100) NOT NULL,
  `firstname` varchar(100) NOT NULL,
  `profilePicPath` varchar(2083) NOT NULL DEFAULT 'groupomania/profile/default-profile-pic.jpg',
  `coverPicPath` varchar(2083) NOT NULL DEFAULT 'groupomania/profile/default-cover-pic.jpg',
  `profession` varchar(150) DEFAULT NULL,
  `birthDate` date DEFAULT NULL,
  `city` varchar(150) DEFAULT NULL,
  `phoneNumber` varchar(10) DEFAULT NULL,
  `linkedinUrl` varchar(2083) DEFAULT NULL,
  `bio` text DEFAULT NULL,
  `isAdmin` tinyint(1) NOT NULL DEFAULT 0,
  `createdAt` datetime NOT NULL,
  `updatedAt` datetime NOT NULL,
  PRIMARY KEY (`id`),
  UNIQUE KEY `users_email` (`email`)
) ENGINE=InnoDB AUTO_INCREMENT=25 DEFAULT CHARSET=utf8mb4;

INSERT INTO `comments` (`id`, `content`, `createdAt`, `updatedAt`, `userId`, `postId`) VALUES
(47, 'Et rerum ducimus ab nihil dicta aut rerum omnis et quaerat perferendis id aliquam rerum.', '2022-07-18 06:42:16', '2022-07-18 06:42:16', 2, 54);
INSERT INTO `comments` (`id`, `content`, `createdAt`, `updatedAt`, `userId`, `postId`) VALUES
(48, 'Ad officia nesciunt et tempore galisum nam blanditiis nobis ad quas similique et quia enim !', '2022-07-18 06:42:21', '2022-07-18 06:42:21', 4, 54);
INSERT INTO `comments` (`id`, `content`, `createdAt`, `updatedAt`, `userId`, `postId`) VALUES
(49, 'Id voluptatem culpa vel corporis doloremque quo doloremque illum qui aspernatur sit provident mollitia. Ut omnis internos aut soluta nobis et iure eaque id reprehenderit culpa ut nostrum dolores aut consequatur iste.', '2022-07-18 06:42:36', '2022-07-18 06:42:36', 6, 53);
INSERT INTO `comments` (`id`, `content`, `createdAt`, `updatedAt`, `userId`, `postId`) VALUES
(50, 'Et laboriosam unde sed quisquam aliquid quo quis tenetur ut consequatur sunt! Aut accusantium nostrum aut optio alias eos facere itaque sit illum quia. \n\nQui internos iure et dolorem quia aut natus incidunt a sequi voluptatem.', '2022-07-18 06:42:50', '2022-07-18 06:42:50', 8, 50),
(51, 'Est impedit neque qui ipsam repellendus eum veniam sapiente cum reprehenderit laboriosam sit tempora neque. Ut nulla rerum est repellat excepturi qui eligendi ullam. Nam rerum soluta sed temporibus nemo non assumenda quas At sunt laudantium sit labore quas rem reiciendis corrupti.', '2022-07-18 06:43:18', '2022-07-18 06:43:18', 3, 48),
(52, 'In ipsa galisum At nisi voluptate non dolore eligendi ut asperiores vero sed sint doloremque in officia maiores. \nEum expedita sequi qui ipsa numquam et tempora accusantium nam velit sint ab expedita ipsa et nulla sint. Sed labore veniam ut quas mollitia sit perferendis Quis. Ea illum nihil in cupiditate error eum quia rerum et autem consequatur eos unde sunt ut corporis perspiciatis a quam dolorem.', '2022-07-18 06:43:26', '2022-07-18 06:43:26', 5, 48),
(53, 'Ut voluptas culpa id molestiae voluptas ea similique tenetur. Aut autem dolores vel voluptas eligendi aut cupiditate magnam vel veritatis facere ea commodi voluptatem est labore rerum qui maiores tenetur. \n\nEum magni itaque 33 harum voluptatibus aut deleniti sunt. Aut autem beatae aut nesciunt dolores ut nisi totam ut galisum suscipit est porro quia et nobis tempora.', '2022-07-18 06:43:32', '2022-07-18 06:43:32', 9, 48),
(54, 'Bonjour ! tout le monde', '2022-07-18 07:04:21', '2022-07-18 18:35:09', 2, 56),
(55, 'Test !', '2022-07-18 07:06:55', '2022-07-18 18:36:47', 2, 56);

INSERT INTO `posts` (`id`, `content`, `imagePath`, `createdAt`, `updatedAt`, `userId`) VALUES
(26, 'Lorem ipsum dolor sit amet. Qui doloribus iure qui possimus internos aut sequi quasi ut quidem eligendi ea explicabo quisquam et molestiae odio nemo iusto. Ad eligendi reprehenderit est recusandae totam aut suscipit voluptas nam dolorem obcaecati rem deleniti voluptatibus qui voluptas reiciendis.  😀\r\n\r\nAd corrupti impedit rem itaque commodi aut totam quod ea labore suscipit. Qui dolor nemo ex aliquam rerum aut itaque omnis nam veniam doloremque ad iusto beatae? Sit numquam facilis ea voluptas quae est consequatur porro.  😄', NULL, '2022-07-18 06:20:41', '2022-07-18 06:20:41', 2);
INSERT INTO `posts` (`id`, `content`, `imagePath`, `createdAt`, `updatedAt`, `userId`) VALUES
(42, 'Lorem ipsum dolor sit amet. Sit doloremque repudiandae a beatae blanditiis aut illum Quis ut rerum saepe. Sit molestiae quia qui quibusdam rerum sit dolores quis et asperiores optio aut nobis. Sit dolores iusto sit incidunt aperiam sit distinctio cupiditate 33 quasi sequi aut maiores quia. Ex quidem nihil 33 eius repellendus sed perspiciatis consectetur ut tempora rerum ut temporibus nobis quo aspernatur voluptate qui facere. 😂', NULL, '2022-07-18 06:31:48', '2022-07-18 06:31:48', 8);
INSERT INTO `posts` (`id`, `content`, `imagePath`, `createdAt`, `updatedAt`, `userId`) VALUES
(43, 'Lorem ipsum dolor sit amet. Et eligendi facilis vel maiores maxime qui quos laborum. \r\n\r\nVel tenetur optio ut dolor rerum id quis aspernatur cum consequuntur internos non velit reprehenderit qui praesentium maxime perspiciatis voluptatibus. \r\n\r\nQui molestiae voluptas et autem illum hic facilis reiciendis.', 'groupomania/post/1658125954518-Bastien-Pruvost', '2022-07-18 06:32:35', '2022-07-18 06:32:35', 11);
INSERT INTO `posts` (`id`, `content`, `imagePath`, `createdAt`, `updatedAt`, `userId`) VALUES
(44, 'Lorem ipsum dolor sit amet. Non eligendi accusantium qui consequuntur sint et voluptas unde 33 alias voluptatibus ut quos explicabo. \r\nId quia nesciunt eos voluptas eligendi aut accusamus voluptatem ? 🤨', NULL, '2022-07-18 06:33:04', '2022-07-18 06:33:04', 4),
(45, 'Quo voluptatem quaerat et quisquam aspernatur aut molestiae accusantium sed vero consequatur sed quia officiis non nisi cumque ? 😁\r\n\r\nQui illo sint a quia mollitia qui aliquid consequatur ea quasi exercitationem! In magni nemo aut rerum magni aut placeat accusantium hic sint explicabo sit internos officiis. 🌞', NULL, '2022-07-18 06:34:19', '2022-07-18 06:34:19', 9),
(46, 'Lorem ipsum dolor sit amet.  💻\r\nRem perspiciatis praesentium eos laboriosam quia vel inventore quae non rerum eaque et voluptatem dolor id magni labore non cupiditate saepe.', 'groupomania/post/1658126168633-Bastien-Pruvost', '2022-07-18 06:36:09', '2022-07-18 06:36:09', 17),
(47, 'Lorem ipsum dolor sit amet. In modi galisum ab rerum assumenda id molestias iusto qui asperiores blanditiis est fugit quisquam. Qui consequatur placeat in asperiores alias ad ipsa quia. Vel laborum internos sed magnam similique nam sunt harum est voluptate tempore aperiam dolores.\r\n\r\nEst neque deleniti libero minus id cumque dicta. Est ipsum voluptas vel quidem nulla in facere nulla sed nobis numquam.', NULL, '2022-07-18 06:36:30', '2022-07-18 06:36:30', 14),
(48, 'Lorem ipsum dolor sit amet. Eos numquam suscipit qui repellat accusantium et quae quae et voluptas dignissimos nam voluptatem dolor est praesentium illum eum quidem deserunt.  😇\r\n\r\nNon voluptatem laborum ea fuga ipsa et enim delectus? \r\n\r\nEum earum enim voluptatem deleniti vel nesciunt voluptatem est molestiae reiciendis. Sed voluptas eaque et sequi nisi sit debitis aliquid. 😄', NULL, '2022-07-18 06:37:18', '2022-07-18 06:37:18', 3),
(49, 'Lorem ipsum dolor sit amet. Ut quibusdam omnis At adipisci in mollitia autem eos distinctio sint ! 👍\r\n\r\nEst distinctio culpa aut voluptatem voluptas ut possimus praesentium cum natus accusamus id possimus obcaecati. 😎', 'groupomania/post/1658126289420-Bastien-Pruvost', '2022-07-18 06:38:10', '2022-07-18 06:38:10', 7),
(50, 'Lorem ipsum dolor sit amet. Est nemo quia ex unde internos aut reprehenderit voluptatum aut facere magni. \r\n\r\nHic corrupti reprehenderit qui repellendus praesentium ab ullam debitis a magni eligendi non veritatis quia.', NULL, '2022-07-18 06:38:35', '2022-07-18 06:38:35', 18),
(51, 'Lorem ipsum dolor sit amet. Et iste itaque et reprehenderit sunt cum natus omnis et eaque quaerat cum officia quia aut fugit quaerat hic totam vero.  👋\r\n\r\nNon dolorem magni vel excepturi quae eum iste impedit id ipsam accusantium nam dolores consequatur vel labore voluptate vel pariatur expedita. Quo quidem maiores vel assumenda similique et aliquam optio sit voluptas atque ! 🙂\r\n\r\nEum voluptas recusandae sed culpa ipsum et atque ipsa aut laudantium excepturi aut culpa asperiores non impedit cumque. 😁', NULL, '2022-07-18 06:39:46', '2022-07-18 06:39:46', 12),
(53, 'Lorem ipsum dolor sit amet. Sit odit Quis sed quisquam itaque qui quas soluta et dolores omnis sit explicabo ipsa. 🏔️', 'groupomania/post/1658126446597-Bastien-Pruvost', '2022-07-18 06:40:48', '2022-07-18 06:40:48', 6),
(54, 'Lorem ipsum dolor sit amet. Sit accusantium necessitatibus sed labore laborum sed fugit omnis eos quia sunt. Vel consequatur voluptate sit odit nemo qui amet ducimus. \r\n\r\nEt dolor neque ut ullam error est odio galisum ut alias animi nam sunt nostrum quo explicabo maxime.', NULL, '2022-07-18 06:41:13', '2022-07-18 06:41:13', 5),
(56, 'Aut totam alias ut maiores nihil aut pariatur aperiam. 😅\r\n\r\nEum ducimus nostrum eum tenetur quia et repudiandae doloremque sit sint sunt aut neque reprehenderit vel consequatur iste. 😇', NULL, '2022-07-18 06:58:27', '2022-07-18 06:58:27', 15),
(57, 'Lorem ipsum dolor sit amet. Aut ipsam voluptas alias quidem et totam laborum. Et mollitia veritatis non nihil cupiditate cum molestias illum ut magnam fugit. Vel porro molestiae non consequatur galisum sed delectus corporis ad galisum iste aut sint possimus.\r\n\r\nEt praesentium obcaecati et dolor rerum et beatae provident officia officiis. Eum iste consectetur et sint quis eos voluptatum internos sit ipsa quis aut error doloribus nam deserunt recusandae. Sed repudiandae quia ad libero repellendus et quibusdam dignissimos et perferendis possimus ut voluptatem illo ad culpa numquam. Et possimus quia a odio voluptatum id dolorem voluptatem ex eaque doloribus est modi odio sed tempore iste.\r\n\r\nAb omnis nulla non molestiae illum sit perferendis voluptas ut omnis fuga sit eveniet fugit. In autem ipsam ab voluptatem reiciendis qui adipisci quis in enim dolores nam voluptate repellendus sed vero tenetur qui odio deleniti. Est atque accusantium id repellendus nobis et dolore beatae ea illum nemo eum nihil deleniti?\r\n\r\nLorem ipsum dolor sit amet. Aut ipsam voluptas alias quidem et totam laborum. Et mollitia veritatis non nihil cupiditate cum molestias illum ut magnam fugit. Vel porro molestiae non consequatur galisum sed delectus corporis ad galisum iste aut sint possimus.', NULL, '2022-07-18 07:12:59', '2022-07-19 08:48:57', 2),
(63, 'Comment ca va ? 😀', NULL, '2022-07-19 07:19:50', '2022-07-21 11:46:04', 2),
(64, 'Bonsoir test du mac 😁', NULL, '2022-07-21 11:44:33', '2022-07-21 11:44:33', 2);



INSERT INTO `user_like_post` (`userId`, `postId`, `createdAt`, `updatedAt`) VALUES
(2, 54, '2022-07-18 18:41:14', '2022-07-18 18:41:14');
INSERT INTO `user_like_post` (`userId`, `postId`, `createdAt`, `updatedAt`) VALUES
(2, 63, '2022-07-21 11:45:51', '2022-07-21 11:45:51');
INSERT INTO `user_like_post` (`userId`, `postId`, `createdAt`, `updatedAt`) VALUES
(2, 64, '2022-07-21 11:45:49', '2022-07-21 11:45:49');

INSERT INTO `users` (`id`, `email`, `password`, `lastname`, `firstname`, `profilePicPath`, `coverPicPath`, `profession`, `birthDate`, `city`, `phoneNumber`, `linkedinUrl`, `bio`, `isAdmin`, `createdAt`, `updatedAt`) VALUES
(1, 'admin@groupomania.fr', '$argon2id$v=19$m=17408,t=3,p=1$nvso4JBkRO9c/65x079s4g$hqlJCfKlSmOM6GAatvj+JtR+rci/W9NIO5k+ZIcuhHw', 'Administration', 'Groupomania', 'groupomania/profile/default-profile-pic.jpg', 'groupomania/profile/default-cover-pic.jpg', 'Administrateur du site', NULL, 'Paris', NULL, NULL, 'Lorem ipsum dolor sit amet, consectetur adipiscing elit, sed do eiusmod tempor incididunt ut labore et dolore magna aliqua. Viverra ipsum nunc aliquet bibendum. Aliquam nulla facilisi cras fermentum. Etiam dignissim diam quis enim lobortis scelerisque. Risus commodo viverra maecenas accumsan lacus vel.', 1, '2022-06-30 22:20:56', '2022-06-30 22:20:56');
INSERT INTO `users` (`id`, `email`, `password`, `lastname`, `firstname`, `profilePicPath`, `coverPicPath`, `profession`, `birthDate`, `city`, `phoneNumber`, `linkedinUrl`, `bio`, `isAdmin`, `createdAt`, `updatedAt`) VALUES
(2, 'bastien@email.fr', '$argon2id$v=19$m=17408,t=3,p=1$anBhW/Y/davUeW3gtFp/Mw$AABBq4glKEbXo0zySqDFnUlWndc/VLdK9SKkbRKUlBc', 'Pruvost', 'Bastien', 'groupomania/profile/default-profile-pic.jpg', 'groupomania/profile/default-cover-pic.jpg', 'Développeur Full Stack', NULL, 'Toulouse', '0678912345', 'https://www.linkedin.com/', 'Lorem ipsum dolor sit amet, consectetur adipiscing elit, sed do eiusmod tempor incididunt ut labore et dolore magna aliqua.', 0, '2022-06-30 22:26:59', '2022-06-30 22:26:59');
INSERT INTO `users` (`id`, `email`, `password`, `lastname`, `firstname`, `profilePicPath`, `coverPicPath`, `profession`, `birthDate`, `city`, `phoneNumber`, `linkedinUrl`, `bio`, `isAdmin`, `createdAt`, `updatedAt`) VALUES
(3, 'linette.pouchard@email.fr', '$argon2id$v=19$m=17408,t=3,p=1$7rzT+iPxDRWu0XRmY3FeJA$Toz8V1yhLqzFmz/k5ZDDag/hc1B98PNu/iXq7Cnha0w', 'Pouchard', 'Linette', 'groupomania/profile/default-profile-pic.jpg', 'groupomania/profile/default-cover-pic.jpg', 'Ingénieur DevOps', NULL, 'Aubervilliers', NULL, 'https://www.linkedin.com/', 'Lorem ipsum dolor sit amet, consectetur adipiscing elit, sed do eiusmod tempor incididunt ut labore et dolore magna aliqua. Quam id leo in vitae turpis massa sed. Neque viverra justo nec ultrices dui. Lacus vestibulum sed arcu non odio. Nunc vel risus commodo viverra maecenas accumsan lacus vel facilisis. Ut etiam sit amet nisl purus in. Aliquam nulla facilisi cras fermentum odio eu feugiat. Interdum consectetur libero id faucibus nisl tincidunt eget nullam non. Sed adipiscing diam donec adipiscing tristique risus nec feugiat.', 0, '2022-06-30 22:28:02', '2022-06-30 22:28:02');
INSERT INTO `users` (`id`, `email`, `password`, `lastname`, `firstname`, `profilePicPath`, `coverPicPath`, `profession`, `birthDate`, `city`, `phoneNumber`, `linkedinUrl`, `bio`, `isAdmin`, `createdAt`, `updatedAt`) VALUES
(4, 'marie.dubeau@email.fr', '$argon2id$v=19$m=17408,t=3,p=1$iabf+HMFhCh3VonMctKVKg$G2R6KVHO01drJ9Dl/N8Js3epGURG6IX/cohzkbvx6OA', 'Dubeau', 'Marie', 'groupomania/profile/default-profile-pic.jpg', 'groupomania/profile/default-cover-pic.jpg', 'UI / UX Designer', NULL, 'Paris', '0678912345', 'https://www.linkedin.com/', 'Lorem ipsum dolor sit amet, consectetur adipiscing elit, sed do eiusmod tempor incididunt ut labore et dolore magna aliqua.', 0, '2022-06-30 22:30:13', '2022-06-30 22:30:13'),
(5, 'julie.monrency@email.fr', '$argon2id$v=19$m=17408,t=3,p=1$XzNiaWUuFCmh57saSa8lGQ$20+cGE2RcJurRQZclcsVn4L8CEzag5GbP3rukHiLcfA', 'Monrency', 'Julie', 'groupomania/profile/default-profile-pic.jpg', 'groupomania/profile/default-cover-pic.jpg', 'Business analyst', NULL, 'Yerres', NULL, 'https://www.linkedin.com/', 'Lorem ipsum dolor sit amet, consectetur adipiscing elit, sed do eiusmod tempor incididunt ut labore et dolore magna aliqua. Viverra ipsum nunc aliquet bibendum. Aliquam nulla facilisi cras fermentum. Etiam dignissim diam quis enim lobortis scelerisque. Risus commodo viverra maecenas accumsan lacus vel.', 0, '2022-06-30 22:31:03', '2022-06-30 22:31:03'),
(6, 'christophe.rancourt@email.fr', '$argon2id$v=19$m=17408,t=3,p=1$AKZUqCVMX7ZwuLkS+0A2dQ$foLsgUYM4BgE5tVpbAWODL1v8XL+QFyKWqlo6rwGF9I', 'Rancourt', 'Christophe', 'groupomania/profile/default-profile-pic.jpg', 'groupomania/profile/default-cover-pic.jpg', 'Développeur Web Frontend', NULL, 'Paris', '0678912345', 'https://www.linkedin.com/', 'Lorem ipsum dolor sit amet, consectetur adipiscing elit, sed do eiusmod tempor incididunt ut labore et dolore magna aliqua. Pharetra et ultrices neque ornare aenean. Sed viverra ipsum nunc aliquet bibendum enim. Ac ut consequat semper viverra nam libero. Sit amet dictum sit amet. A condimentum vitae sapien pellentesque habitant morbi. Ornare suspendisse sed nisi lacus sed viverra tellus in hac. Viverra accumsan in nisl nisi scelerisque eu. Lacinia quis vel eros donec ac odio tempor orci. Ridiculus mus mauris vitae ultricies leo integer malesuada nunc. Mauris rhoncus aenean vel elit scelerisque mauris pellentesque pulvinar pellentesque. Sed sed risus pretium quam. Viverra mauris in aliquam sem fringilla ut. Mi ipsum faucibus vitae aliquet. Malesuada pellentesque elit eget gravida cum sociis natoque. Eu sem integer vitae justo eget magna fermentum. Nulla facilisi morbi tempus iaculis urna id. Mauris rhoncus aenean vel elit scelerisque. Mus mauris vitae ultricies leo integer malesuada nunc vel risus.', 0, '2022-06-30 22:31:57', '2022-06-30 22:31:57'),
(7, 'remy.millard@email.fr', '$argon2id$v=19$m=17408,t=3,p=1$gzQmxgEZd+IUejuLyQ2ong$PCv6Vxb5XVQ9pmXFwav6CdpOtoSpURVnifalaIo19Kg', 'Millard', 'Rémy', 'groupomania/profile/default-profile-pic.jpg', 'groupomania/profile/default-cover-pic.jpg', 'Lead Développeur', NULL, 'Saint-Denis', NULL, 'https://www.linkedin.com/', 'Lorem ipsum dolor sit amet, consectetur adipiscing elit, sed do eiusmod tempor incididunt ut labore et dolore magna aliqua.', 0, '2022-06-30 22:33:26', '2022-06-30 22:33:26'),
(8, 'roger.sirois@email.fr', '$argon2id$v=19$m=17408,t=3,p=1$21X6v9JUCH+/WhV1VWnxBQ$tWq5puZZBT1w+bBpByPmEIIFb4PyxWrv4EMdW1EslFk', 'Sirois', 'Roger', 'groupomania/profile/default-profile-pic.jpg', 'groupomania/profile/default-cover-pic.jpg', 'Agent administratif', NULL, 'Saint-Germain-en-Laye', '0678912345', 'https://www.linkedin.com/', 'Lorem ipsum dolor sit amet, consectetur adipiscing elit, sed do eiusmod tempor incididunt ut labore et dolore magna aliqua. Quam id leo in vitae turpis massa sed. Neque viverra justo nec ultrices dui. Lacus vestibulum sed arcu non odio. Nunc vel risus commodo viverra maecenas accumsan lacus vel facilisis. Ut etiam sit amet nisl purus in. Aliquam nulla facilisi cras fermentum odio eu feugiat. Interdum consectetur libero id faucibus nisl tincidunt eget nullam non. Sed adipiscing diam donec adipiscing tristique risus nec feugiat.', 0, '2022-06-30 22:34:44', '2022-06-30 22:34:44'),
(9, 'patrice.bourdette@email.fr', '$argon2id$v=19$m=17408,t=3,p=1$3ekhfgRyosLTIDzFAdp+2Q$LxdhyuGF6HLTTsu6pM93h3dooGP1X10wI40H/NEEk7Q', 'Bourdette', 'Patrice', 'groupomania/profile/default-profile-pic.jpg', 'groupomania/profile/default-cover-pic.jpg', 'Ingénieur Data', NULL, 'Nanterre', NULL, 'https://www.linkedin.com/', 'Lorem ipsum dolor sit amet, consectetur adipiscing elit, sed do eiusmod tempor incididunt ut labore et dolore magna aliqua. Pharetra et ultrices neque ornare aenean. Sed viverra ipsum nunc aliquet bibendum enim. Ac ut consequat semper viverra nam libero. Sit amet dictum sit amet. A condimentum vitae sapien pellentesque habitant morbi. Ornare suspendisse sed nisi lacus sed viverra tellus in hac. Viverra accumsan in nisl nisi scelerisque eu. Lacinia quis vel eros donec ac odio tempor orci. Ridiculus mus mauris vitae ultricies leo integer malesuada nunc. Mauris rhoncus aenean vel elit scelerisque mauris pellentesque pulvinar pellentesque. Sed sed risus pretium quam. Viverra mauris in aliquam sem fringilla ut. Mi ipsum faucibus vitae aliquet. Malesuada pellentesque elit eget gravida cum sociis natoque. Eu sem integer vitae justo eget magna fermentum. Nulla facilisi morbi tempus iaculis urna id. Mauris rhoncus aenean vel elit scelerisque. Mus mauris vitae ultricies leo integer malesuada nunc vel risus.', 0, '2022-06-30 22:35:31', '2022-06-30 22:35:31'),
(10, 'elodie.vaillancourt@email.fr', '$argon2id$v=19$m=17408,t=3,p=1$27i1Gk5sbDKDyg5s8vnnhw$5xiTFVcByiH3FoAV2Go6l9zYdCc5sf6SJ1xOpljMCnc', 'Vaillancourt', 'Élodie', 'groupomania/profile/default-profile-pic.jpg', 'groupomania/profile/default-cover-pic.jpg', 'Développeuse Web Frontend', NULL, 'Paris', NULL, 'https://www.linkedin.com/', 'Lorem ipsum dolor sit amet, consectetur adipiscing elit, sed do eiusmod tempor incididunt ut labore et dolore magna aliqua. Viverra ipsum nunc aliquet bibendum. Aliquam nulla facilisi cras fermentum. Etiam dignissim diam quis enim lobortis scelerisque. Risus commodo viverra maecenas accumsan lacus vel.', 0, '2022-06-30 22:36:13', '2022-06-30 22:36:13'),
(11, 'brice.turcotte@email.fr', '$argon2id$v=19$m=17408,t=3,p=1$WpJGhkO3WnqzLZnjAUEtPw$BXC9TtZH2DwoSwgKYucBOi8fp6DuvECv6R9Gj3T3Zrk', 'Turcotte', 'Brice', 'groupomania/profile/default-profile-pic.jpg', 'groupomania/profile/default-cover-pic.jpg', 'Ingénieur logiciel', NULL, 'Gif-sur-Yvette', NULL, 'https://www.linkedin.com/', 'Lorem ipsum dolor sit amet, consectetur adipiscing elit, sed do eiusmod tempor incididunt ut labore et dolore magna aliqua. Pharetra et ultrices neque ornare aenean. Sed viverra ipsum nunc aliquet bibendum enim. Ac ut consequat semper viverra nam libero. Sit amet dictum sit amet. A condimentum vitae sapien pellentesque habitant morbi. Ornare suspendisse sed nisi lacus sed viverra tellus in hac. Viverra accumsan in nisl nisi scelerisque eu. Lacinia quis vel eros donec ac odio tempor orci. Ridiculus mus mauris vitae ultricies leo integer malesuada nunc. Mauris rhoncus aenean vel elit scelerisque mauris pellentesque pulvinar pellentesque. Sed sed risus pretium quam. Viverra mauris in aliquam sem fringilla ut. Mi ipsum faucibus vitae aliquet. Malesuada pellentesque elit eget gravida cum sociis natoque. Eu sem integer vitae justo eget magna fermentum. Nulla facilisi morbi tempus iaculis urna id. Mauris rhoncus aenean vel elit scelerisque. Mus mauris vitae ultricies leo integer malesuada nunc vel risus.', 0, '2022-06-30 22:36:42', '2022-06-30 22:36:42'),
(12, 'yves.rossignol@email.fr', '$argon2id$v=19$m=17408,t=3,p=1$RFppwpYWz/moaLY0HVUbKw$cyTguGCb6bASB1FZJk3CG/fz5jOgjeZnJU1+xhPAwFQ', 'Rossignol', 'Yves', 'groupomania/profile/default-profile-pic.jpg', 'groupomania/profile/default-cover-pic.jpg', 'UX Designer', NULL, 'Montigny-Le-Bretonneux', '0678912345', 'https://www.linkedin.com/', 'Lorem ipsum dolor sit amet, consectetur adipiscing elit, sed do eiusmod tempor incididunt ut labore et dolore magna aliqua.', 0, '2022-06-30 22:37:19', '2022-06-30 22:37:19'),
(13, 'audrey.melville@email.fr', '$argon2id$v=19$m=17408,t=3,p=1$Fskehvv13ziH8AKr0ojvmQ$zK8K83YOp0l1t5YWx4JZBGIl84wKYfaLB7im3LTkdeE', 'Melville', 'Audrey', 'groupomania/profile/default-profile-pic.jpg', 'groupomania/profile/default-cover-pic.jpg', 'Community Manager', NULL, 'Paris', NULL, 'https://www.linkedin.com/', 'Lorem ipsum dolor sit amet, consectetur adipiscing elit, sed do eiusmod tempor incididunt ut labore et dolore magna aliqua. Pharetra et ultrices neque ornare aenean. Sed viverra ipsum nunc aliquet bibendum enim. Ac ut consequat semper viverra nam libero. Sit amet dictum sit amet. A condimentum vitae sapien pellentesque habitant morbi. Ornare suspendisse sed nisi lacus sed viverra tellus in hac. Viverra accumsan in nisl nisi scelerisque eu. Lacinia quis vel eros donec ac odio tempor orci. Ridiculus mus mauris vitae ultricies leo integer malesuada nunc. Mauris rhoncus aenean vel elit scelerisque mauris pellentesque pulvinar pellentesque. Sed sed risus pretium quam. Viverra mauris in aliquam sem fringilla ut. Mi ipsum faucibus vitae aliquet. Malesuada pellentesque elit eget gravida cum sociis natoque. Eu sem integer vitae justo eget magna fermentum. Nulla facilisi morbi tempus iaculis urna id. Mauris rhoncus aenean vel elit scelerisque. Mus mauris vitae ultricies leo integer malesuada nunc vel risus.', 0, '2022-06-30 22:37:56', '2022-06-30 22:37:56'),
(14, 'eric.allard@email.fr', '$argon2id$v=19$m=17408,t=3,p=1$1I0VRYh28SgG+qfol75THQ$CGl38W5UDe34czIruvNhzzCLJ3Iq5NYvxl31eQlLP94', 'Allard', 'Eric', 'groupomania/profile/default-profile-pic.jpg', 'groupomania/profile/default-cover-pic.jpg', 'Chef de projet', NULL, 'Vitry-sur-Seine', '0678912345', 'https://www.linkedin.com/', 'Lorem ipsum dolor sit amet, consectetur adipiscing elit, sed do eiusmod tempor incididunt ut labore et dolore magna aliqua. Viverra ipsum nunc aliquet bibendum. Aliquam nulla facilisi cras fermentum. Etiam dignissim diam quis enim lobortis scelerisque. Risus commodo viverra maecenas accumsan lacus vel.', 0, '2022-06-30 22:38:47', '2022-06-30 22:38:47'),
(15, 'christian.gaillard@email.fr', '$argon2id$v=19$m=17408,t=3,p=1$AicRNoPzYU2tB0IjxfP4Bg$YoqPClk5YQahgwiyUyIDjuWUJBlR0lZUkgetgl8Pf/4', 'Gaillard', 'Christian', 'groupomania/profile/default-profile-pic.jpg', 'groupomania/profile/default-cover-pic.jpg', 'Data scientist', NULL, 'Versailles', NULL, 'https://www.linkedin.com/', 'Lorem ipsum dolor sit amet, consectetur adipiscing elit, sed do eiusmod tempor incididunt ut labore et dolore magna aliqua. Pharetra et ultrices neque ornare aenean. Sed viverra ipsum nunc aliquet bibendum enim. Ac ut consequat semper viverra nam libero. Sit amet dictum sit amet. A condimentum vitae sapien pellentesque habitant morbi. Ornare suspendisse sed nisi lacus sed viverra tellus in hac. Viverra accumsan in nisl nisi scelerisque eu. Lacinia quis vel eros donec ac odio tempor orci. Ridiculus mus mauris vitae ultricies leo integer malesuada nunc. Mauris rhoncus aenean vel elit scelerisque mauris pellentesque pulvinar pellentesque. Sed sed risus pretium quam. Viverra mauris in aliquam sem fringilla ut. Mi ipsum faucibus vitae aliquet. Malesuada pellentesque elit eget gravida cum sociis natoque. Eu sem integer vitae justo eget magna fermentum. Nulla facilisi morbi tempus iaculis urna id. Mauris rhoncus aenean vel elit scelerisque. Mus mauris vitae ultricies leo integer malesuada nunc vel risus.', 0, '2022-06-30 22:39:55', '2022-06-30 22:39:55'),
(16, 'mathilde.voleta@email.fr', '$argon2id$v=19$m=17408,t=3,p=1$3f2Z1zyptkin3tmmC88s1Q$50ByjE2A9TUziHlZ6OYsenE0YKa9kENe0XUdR9jztq8', 'Voleta', 'Mathilde', 'groupomania/profile/default-profile-pic.jpg', 'groupomania/profile/default-cover-pic.jpg', 'Assistante de direction', NULL, 'Saint-Ouen', NULL, 'https://www.linkedin.com/', 'Lorem ipsum dolor sit amet, consectetur adipiscing elit, sed do eiusmod tempor incididunt ut labore et dolore magna aliqua.', 0, '2022-06-30 22:40:30', '2022-06-30 22:40:30'),
(17, 'laurent.gosselin@email.fr', '$argon2id$v=19$m=17408,t=3,p=1$7kDBkqCI2zQcSlMik3FF7A$UpvDg/s4eV+WrZLckEXMbThI+EbavcuLTg6lBUJhOmU', 'Gosselin', 'Laurent', 'groupomania/profile/default-profile-pic.jpg', 'groupomania/profile/default-cover-pic.jpg', 'Développeur Web Backend', NULL, 'Paris', '0678912345', 'https://www.linkedin.com/', 'Lorem ipsum dolor sit amet, consectetur adipiscing elit, sed do eiusmod tempor incididunt ut labore et dolore magna aliqua. Pharetra et ultrices neque ornare aenean. Sed viverra ipsum nunc aliquet bibendum enim. Ac ut consequat semper viverra nam libero. Sit amet dictum sit amet. A condimentum vitae sapien pellentesque habitant morbi. Ornare suspendisse sed nisi lacus sed viverra tellus in hac. Viverra accumsan in nisl nisi scelerisque eu. Lacinia quis vel eros donec ac odio tempor orci. Ridiculus mus mauris vitae ultricies leo integer malesuada nunc. Mauris rhoncus aenean vel elit scelerisque mauris pellentesque pulvinar pellentesque. Sed sed risus pretium quam. Viverra mauris in aliquam sem fringilla ut. Mi ipsum faucibus vitae aliquet. Malesuada pellentesque elit eget gravida cum sociis natoque. Eu sem integer vitae justo eget magna fermentum. Nulla facilisi morbi tempus iaculis urna id. Mauris rhoncus aenean vel elit scelerisque. Mus mauris vitae ultricies leo integer malesuada nunc vel risus.', 0, '2022-06-30 22:41:06', '2022-06-30 22:41:06'),
(18, 'daniel.chapin@email.fr', '$argon2id$v=19$m=17408,t=3,p=1$QgUMzZsX/u/U1kAUwafU2g$SqmbJJHpIpUohCo17ok+s+pkQaQgjkGqdJrKgyFFsJs', 'Chapin', 'Daniel', 'groupomania/profile/default-profile-pic.jpg', 'groupomania/profile/default-cover-pic.jpg', 'Technicien informatique', NULL, 'Saint-Denis', NULL, 'https://www.linkedin.com/', 'Lorem ipsum dolor sit amet, consectetur adipiscing elit, sed do eiusmod tempor incididunt ut labore et dolore magna aliqua. Viverra ipsum nunc aliquet bibendum. Aliquam nulla facilisi cras fermentum. Etiam dignissim diam quis enim lobortis scelerisque. Risus commodo viverra maecenas accumsan lacus vel.', 0, '2022-06-30 22:41:55', '2022-06-30 22:41:55'),
(19, 'anais.guerin@email.fr', '$argon2id$v=19$m=17408,t=3,p=1$GIdD1YxJsaM4BueFpgvGCQ$h+ZdB6THEOhy/DnbxZ0uDfHbI4mGinzPF3O8ygK1fxU', 'Guerin', 'Anaïs', 'groupomania/profile/default-profile-pic.jpg', 'groupomania/profile/default-cover-pic.jpg', 'Comptable', NULL, 'Créteil', NULL, 'https://www.linkedin.com/', 'Lorem ipsum dolor sit amet, consectetur adipiscing elit, sed do eiusmod tempor incididunt ut labore et dolore magna aliqua. Pharetra et ultrices neque ornare aenean. Sed viverra ipsum nunc aliquet bibendum enim. Ac ut consequat semper viverra nam libero. Sit amet dictum sit amet. A condimentum vitae sapien pellentesque habitant morbi. Ornare suspendisse sed nisi lacus sed viverra tellus in hac. Viverra accumsan in nisl nisi scelerisque eu. Lacinia quis vel eros donec ac odio tempor orci. Ridiculus mus mauris vitae ultricies leo integer malesuada nunc. Mauris rhoncus aenean vel elit scelerisque mauris pellentesque pulvinar pellentesque. Sed sed risus pretium quam. Viverra mauris in aliquam sem fringilla ut. Mi ipsum faucibus vitae aliquet. Malesuada pellentesque elit eget gravida cum sociis natoque. Eu sem integer vitae justo eget magna fermentum. Nulla facilisi morbi tempus iaculis urna id. Mauris rhoncus aenean vel elit scelerisque. Mus mauris vitae ultricies leo integer malesuada nunc vel risus.', 0, '2022-06-30 22:42:28', '2022-06-30 22:42:28'),
(20, 'john.dufour@email.fr', '$argon2id$v=19$m=17408,t=3,p=1$D/aFh17BAoBokCoaF5iBOA$gHQkGiIhHxrRtb2SxqEmoD+K1nzLqAEpBdCtODtARgs', 'Dufour', 'John', 'groupomania/profile/default-profile-pic.jpg', 'groupomania/profile/default-cover-pic.jpg', 'Ingénieur cybersécurité', NULL, 'Paris', NULL, 'https://www.linkedin.com/', 'Lorem ipsum dolor sit amet, consectetur adipiscing elit, sed do eiusmod tempor incididunt ut labore et dolore magna aliqua. Quam id leo in vitae turpis massa sed. Neque viverra justo nec ultrices dui. Lacus vestibulum sed arcu non odio. Nunc vel risus commodo viverra maecenas accumsan lacus vel facilisis. Ut etiam sit amet nisl purus in. Aliquam nulla facilisi cras fermentum odio eu feugiat. Interdum consectetur libero id faucibus nisl tincidunt eget nullam non. Sed adipiscing diam donec adipiscing tristique risus nec feugiat.', 0, '2022-06-30 22:44:19', '2022-06-30 22:44:19'),
(21, 'juliette.durand@email.fr', '$argon2id$v=19$m=17408,t=3,p=1$ybxYQBfthT870SQX8TC98g$CTEIVyCcORYrEFEo7tZGwE+KZHgIMNNIx3J5A3TC1IQ', 'Durand', 'Juliette', 'groupomania/profile/default-profile-pic.jpg', 'groupomania/profile/default-cover-pic.jpg', 'UI Designer', NULL, 'Ivry', '0678912345', 'https://www.linkedin.com/', 'Lorem ipsum dolor sit amet, consectetur adipiscing elit, sed do eiusmod tempor incididunt ut labore et dolore magna aliqua. Pharetra et ultrices neque ornare aenean. Sed viverra ipsum nunc aliquet bibendum enim. Ac ut consequat semper viverra nam libero. Sit amet dictum sit amet. A condimentum vitae sapien pellentesque habitant morbi. Ornare suspendisse sed nisi lacus sed viverra tellus in hac. Viverra accumsan in nisl nisi scelerisque eu. Lacinia quis vel eros donec ac odio tempor orci. Ridiculus mus mauris vitae ultricies leo integer malesuada nunc. Mauris rhoncus aenean vel elit scelerisque mauris pellentesque pulvinar pellentesque. Sed sed risus pretium quam. Viverra mauris in aliquam sem fringilla ut. Mi ipsum faucibus vitae aliquet. Malesuada pellentesque elit eget gravida cum sociis natoque. Eu sem integer vitae justo eget magna fermentum. Nulla facilisi morbi tempus iaculis urna id. Mauris rhoncus aenean vel elit scelerisque. Mus mauris vitae ultricies leo integer malesuada nunc vel risus.', 0, '2022-06-30 22:45:19', '2022-06-30 22:45:19'),
(22, 'william.johnson@email.fr', '$argon2id$v=19$m=17408,t=3,p=1$DmIW9u/wMI9FM6LSXjDnEw$H+7H6MhGmJYLnMInytoaFuLFxzwu8OBJ+UYEl9M/syg', 'Johnson', 'William', 'groupomania/profile/default-profile-pic.jpg', 'groupomania/profile/default-cover-pic.jpg', 'Data analyst', NULL, 'Gif-sur-Yvette', NULL, 'https://www.linkedin.com/', 'Lorem ipsum dolor sit amet, consectetur adipiscing elit, sed do eiusmod tempor incididunt ut labore et dolore magna aliqua. Viverra ipsum nunc aliquet bibendum. Aliquam nulla facilisi cras fermentum. Etiam dignissim diam quis enim lobortis scelerisque. Risus commodo viverra maecenas accumsan lacus vel.', 0, '2022-06-30 22:46:44', '2022-06-30 22:46:44'),
(23, 'andrea.dario@email.fr', '$argon2id$v=19$m=17408,t=3,p=1$PJrYp4lKtmBWG1Isopp7AQ$Eb8aTd6Q8eXR+zY7HObJ9IARA2WE/NzU0kIseomAc1s', 'Dario', 'Andréa', 'groupomania/profile/default-profile-pic.jpg', 'groupomania/profile/default-cover-pic.jpg', 'Manager', NULL, 'Paris', '0678912345', 'https://www.linkedin.com/', 'Lorem ipsum dolor sit amet, consectetur adipiscing elit, sed do eiusmod tempor incididunt ut labore et dolore magna aliqua. Pharetra et ultrices neque ornare aenean. Sed viverra ipsum nunc aliquet bibendum enim. Ac ut consequat semper viverra nam libero. Sit amet dictum sit amet. A condimentum vitae sapien pellentesque habitant morbi. Ornare suspendisse sed nisi lacus sed viverra tellus in hac. Viverra accumsan in nisl nisi scelerisque eu. Lacinia quis vel eros donec ac odio tempor orci. Ridiculus mus mauris vitae ultricies leo integer malesuada nunc. Mauris rhoncus aenean vel elit scelerisque mauris pellentesque pulvinar pellentesque. Sed sed risus pretium quam. Viverra mauris in aliquam sem fringilla ut. Mi ipsum faucibus vitae aliquet. Malesuada pellentesque elit eget gravida cum sociis natoque. Eu sem integer vitae justo eget magna fermentum. Nulla facilisi morbi tempus iaculis urna id. Mauris rhoncus aenean vel elit scelerisque. Mus mauris vitae ultricies leo integer malesuada nunc vel risus.', 0, '2022-06-30 22:48:16', '2022-06-30 22:48:16'),
(24, 'sophia.krylova@email.fr', '$argon2id$v=19$m=17408,t=3,p=1$O5n6lOrvh92sa6d//6Etnw$0Hh9C7ftFn6cAVRaW6hvgNB1JoR9Mp0zudG5ZuNFG1Y', 'Krylova', 'Sophia', 'groupomania/profile/default-profile-pic.jpg', 'groupomania/profile/default-cover-pic.jpg', 'Assistante de gestion', NULL, 'Mantes-la-Jolie', NULL, 'https://www.linkedin.com/', 'Lorem ipsum dolor sit amet, consectetur adipiscing elit, sed do eiusmod tempor incididunt ut labore et dolore magna aliqua.', 0, '2022-06-30 22:49:43', '2022-06-30 22:49:43');


/*!40101 SET SQL_MODE=@OLD_SQL_MODE */;
/*!40014 SET FOREIGN_KEY_CHECKS=@OLD_FOREIGN_KEY_CHECKS */;
/*!40014 SET UNIQUE_CHECKS=@OLD_UNIQUE_CHECKS */;
/*!40101 SET CHARACTER_SET_CLIENT=@OLD_CHARACTER_SET_CLIENT */;
/*!40101 SET CHARACTER_SET_RESULTS=@OLD_CHARACTER_SET_RESULTS */;
/*!40101 SET COLLATION_CONNECTION=@OLD_COLLATION_CONNECTION */;
/*!40111 SET SQL_NOTES=@OLD_SQL_NOTES */;